{"cameraMode":{"drawMode":0,"name":"Shaded","section":"Shading Mode"},"sceneLighting":false,"audioPlay":false,"sceneViewState":{"showFog":true,"showMaterialUpdate":false,"showSkybox":true,"showFlares":true,"showImageEffects":true,"showParticleSystems":true},"in2DMode":false,"pivot":{"x":-2.3914637565612795,"y":2.819960594177246,"z":-18.329998016357423},"rotation":{"x":0.15388472378253938,"y":-0.0030047206673771145,"z":0.0004721669538412243,"w":0.9880841970443726},"size":0.3461152911186218,"orthographic":false}