{"cameraMode":{"drawMode":0,"name":"Shaded","section":"Shading Mode"},"sceneLighting":false,"audioPlay":false,"sceneViewState":{"showFog":true,"showMaterialUpdate":false,"showSkybox":true,"showFlares":true,"showImageEffects":true,"showParticleSystems":true},"in2DMode":false,"pivot":{"x":-8.829317092895508,"y":2.4277772903442385,"z":-23.1168270111084},"rotation":{"x":-0.04363512620329857,"y":-0.41552025079727175,"z":-0.01995786279439926,"w":0.908317506313324},"size":14.440231323242188,"orthographic":false}