{"cameraMode":{"drawMode":0,"name":"Shaded","section":"Shading Mode"},"sceneLighting":false,"audioPlay":false,"sceneViewState":{"showFog":true,"showMaterialUpdate":false,"showSkybox":false,"showFlares":true,"showImageEffects":true,"showParticleSystems":true},"in2DMode":false,"pivot":{"x":-3.1033058166503908,"y":10.314000129699707,"z":-40.589996337890628},"rotation":{"x":-0.008917259983718396,"y":0.9681617617607117,"z":-0.24772831797599793,"w":-0.034841906279325488},"size":74.67044067382813,"orthographic":false}